category,title,total_used,used_grades
GCSE,Mathematics,32476,"[""C"", ""B"", ""A"", ""8"", ""5"", ""6"", ""7"", ""A*"", ""9"", ""4"", ""3"", ""8-7"", ""2"", ""1"", ""F"", ""U"", ""G"", ""E"", """", ""D"", ""9-9"", ""8-8"", ""5-5""]"
GCSE,English Language,29170,"[""C"", ""B"", ""7"", ""5"", ""6"", ""A*"", ""8"", ""4"", ""9"", ""A"", ""3"", ""1"", ""D"", ""6-5"", ""2"", ""E"", ""U"", ""F""]"
GCSE,English Literature,26081,"[""B"", ""6"", ""5"", ""A*"", ""7"", ""4"", ""9"", ""8"", ""3"", ""A"", ""C"", ""2"", ""1"", ""D"", ""E"", ""8-8"", ""U"", ""5-5""]"
GCSE,Religious Studies,15951,"[""B"", ""6"", ""7"", ""5"", ""8"", ""4"", ""A"", ""C"", ""9"", ""A*"", ""3"", ""2"", ""6-5"", ""U"", ""D"", ""1"", ""E"", ""F""]"
GCSE,History,15718,"[""B"", ""6"", ""5"", ""A"", ""7"", ""4"", ""3"", ""8"", ""A*"", ""C"", ""9"", ""D"", ""2"", ""1"", ""E"", ""F"", ""U"", ""5-5""]"
GCSE,Biology,14648,"[""B"", ""A"", ""6"", ""8"", ""4"", ""7"", ""9"", ""5"", ""A*"", ""8-7"", ""C"", ""3"", ""1"", ""2"", ""D"", ""U"", ""E"", ""F""]"
GCSE,Chemistry,14351,"[""B"", ""A"", ""7"", ""8"", ""6"", ""5"", ""9"", ""C"", ""4"", ""A*"", ""2"", ""3"", ""1"", ""E"", ""D"", ""7-7"", ""U""]"
GCSE,Physics,13942,"[""B"", ""A"", ""5"", ""8"", ""6"", ""7"", ""4"", ""9"", ""A*"", ""C"", ""3"", ""2"", ""1"", ""D"", ""U"", ""8-8""]"
GCSE,Geography,13914,"[""B"", ""7"", ""6"", ""5"", ""4"", ""3"", ""8"", ""A*"", ""D"", ""A"", ""9"", ""C"", ""6-6"", ""2"", ""6-5"", ""1"", ""F"", ""U"", ""E""]"
GCSE,French,9277,"[""B"", ""8"", ""4"", ""7"", ""3"", ""9"", ""5"", ""6"", ""A"", ""C"", ""A*"", ""2"", ""D"", ""1"", ""E"", ""G"", ""U"", ""F""]"
GCSE,Spanish,8519,"[""B"", ""A"", ""8"", ""4"", ""5"", ""7"", ""3"", ""6"", ""9"", ""C"", ""A*"", ""2"", ""U"", ""D"", ""1"", ""E""]"
GCSE,Science - Combined (2018 onwards),7578,"[""6-6"", ""7-7"", ""8-8"", ""6-5"", ""5-4"", ""8-7"", ""4-4"", ""5-5"", ""7-6"", ""3-3"", ""4-3"", ""9-9"", ""9-8"", ""3-2"", ""6"", ""5"", ""2-2"", ""2-1"", ""4"", ""U"", ""1-1"", ""7"", ""8"", ""3""]"
GCSE,Art and Design,5858,"[""B"", ""7"", ""6"", ""8"", ""A*"", ""5"", ""9"", ""3"", ""A"", ""C"", ""4"", ""2"", ""D"", ""F"", ""E"", ""1"", ""U""]"
GCSE,Science - Combined,4769,"[""B"", ""A*"", ""A"", ""6"", ""5"", ""C"", ""7"", ""8"", ""4"", ""3"", ""9"", ""1"", ""2"", ""D"", ""F"", ""4-4"", ""U"", ""6-5""]"
GCSE,Computer Science,4588,"[""5"", ""8"", ""6"", ""2"", ""4"", ""7"", ""A"", ""9"", ""B"", ""C"", ""3"", ""A*"", ""D"", ""E"", ""1"", ""5-5"", ""U""]"
GCSE,Physical Education,4280,"[""B"", ""5"", ""3"", ""6"", ""7"", ""4"", ""8"", ""A"", ""9"", ""C"", ""2"", ""U"", ""A*"", ""1"", ""D""]"
GCSE,Business Studies,3824,"[""B"", ""C"", ""A"", ""7"", ""9"", ""5"", ""6"", ""A*"", ""3"", ""8"", ""D"", ""E"", ""4"", ""2"", ""G"", ""U"", ""Distinction"", ""1"", ""F""]"
GCSE,Drama,3680,"[""B"", ""7"", ""6"", ""5"", ""8"", ""4"", ""9"", ""A*"", ""C"", ""3"", ""A"", ""D"", ""2"", ""1""]"
GCSE,English,3459,"[""6"", ""7"", ""B"", ""5"", ""8"", ""4"", ""3"", ""C"", ""A"", ""A*"", ""2"", ""D"", ""E"", ""9"", ""1"", ""U"", ""G""]"
GCSE,Science,3163,"[""A*"", ""B"", ""A"", ""5"", ""6"", ""7"", ""8"", ""4"", ""3"", ""C"", ""9"", ""2"", ""D"", ""1"", ""E"", ""F""]"
GCSE,Sociology,2916,"[""B"", ""C"", ""8"", ""A"", ""A*"", ""6"", ""5"", ""7"", ""3"", ""4"", ""2"", ""9"", ""1"", ""D"", ""E"", ""F"", ""U""]"
GCSE,Mathematics - Statistics,2860,"[""C"", ""B"", ""A"", ""7"", ""A*"", ""6"", ""5"", ""8"", ""4"", ""9"", ""D"", ""E"", ""3"", ""2""]"
GCSE,Mathemtics - Further Mathematics,2623,"[""C"", ""B"", ""A"", ""8"", ""7"", ""6"", ""A*"", ""9"", ""5"", ""4"", ""7-7"", ""U"", ""D"", ""E""]"
GCSE,German,2441,"[""B"", ""3"", ""6"", ""4"", ""5"", ""7"", ""C"", ""9"", ""8"", ""A"", ""D"", ""A*"", ""E"", ""2"", ""1""]"
GCSE,Music,2440,"[""B"", ""7"", ""9"", ""8"", ""6"", ""5"", ""4"", ""C"", ""3"", ""A*"", ""A"", ""2"", ""F"", ""E"", ""U"", ""D""]"
GCSE,Design and Technology,2386,"[""B"", ""A"", ""D"", ""A*"", ""C"", ""7"", ""6"", ""5"", ""8"", ""9"", ""4"", ""3"", ""E"", ""2"", ""U"", ""1""]"
GCSE,Science - Combined:Trilogy,2220,"[""A*"", ""B"", ""A"", ""6"", ""8"", ""5"", ""7"", ""3"", ""9"", ""4"", ""2"", ""C"", ""6-6"", ""3-3"", ""D"", ""1"", ""5-5"", ""6-5""]"
GCSE,Business,2199,"[""B"", ""A"", ""8"", ""E"", ""C"", ""6"", ""D"", ""A*"", ""7"", ""5"", ""4"", ""3"", ""9"", ""2"", ""G"", ""1"", ""U"", ""F""]"
GCSE,Mathematics - Additional ,2096,"[""C"", ""B"", ""A"", ""5"", ""D"", ""6"", ""7"", ""8"", ""9"", ""3"", ""4"", ""A*"", ""2"", ""1""]"
GCSE,Mathematics - Methods in Mathematics,1922,"[""C"", ""B"", ""A"", ""7"", ""3"", ""5"", ""6"", ""8"", ""9"", ""A*"", ""4""]"
GCSE,Citizenship Studies,1892,"[""6"", ""7"", ""8"", ""B"", ""5"", ""4"", ""9"", ""C"", ""3"", ""2"", ""1"", ""A"", ""A*"", ""D""]"
GCSE,Media Studies,1869,"[""A"", ""B"", ""5"", ""C"", ""8"", ""A*"", ""4"", ""7"", ""D"", ""6"", ""3"", ""2"", ""E"", ""9"", ""G"", ""F"", ""1"", ""U""]"
GCSE,Mathematics - Applications,1854,"[""C"", ""B"", ""A"", ""6"", ""5"", ""7"", ""A*"", ""4"", ""1"", ""3"", ""8"", ""2"", ""9""]"
GCSE,Mathematics - Use of Mathematics,1822,"[""C"", ""B"", ""A"", ""5"", ""6"", ""7"", ""3"", ""2"", ""4"", ""9"", ""1"", ""8"", ""A*""]"
GCSE,Information and Communication Technology,1341,"[""B"", ""A"", ""D"", ""C"", ""A*"", ""6"", ""4"", ""7"", ""5"", ""E"", ""3"", ""9"", ""1"", ""8"", ""F"", ""U""]"
GCSE,Food Preparation and Nutrition,1236,"[""9"", ""5"", ""7"", ""8"", ""4"", ""6"", ""A*"", ""3"", ""A"", ""B"", ""E"", ""2"", ""C"", ""D"", ""1""]"
GCSE,Psychology,1204,"[""6"", ""B"", ""A*"", ""A"", ""8"", ""D"", ""C"", ""E"", ""5"", ""7"", ""4"", ""3"", ""9"", ""U"", ""F"", ""G"", ""2"", ""1""]"
GCSE,Science - combined,1196,"[""A*"", ""6-6"", ""7-6"", ""A"", ""8""]"
GCSE,Applied Art and Design ,1134,"[""B"", ""6"", ""7"", ""5"", ""A"", ""4"", ""8"", ""A*"", ""3"", ""C"", ""D"", ""2"", ""9"", ""1"", ""E"", ""G""]"
GCSE,Economics,1128,"[""B"", ""A"", ""C"", ""6"", ""D"", ""A*"", ""8"", ""5"", ""9"", ""7"", ""4"", ""G"", ""E"", ""3"", ""2"", ""F""]"
GCSE,Computing,1124,"[""B"", ""A*"", ""8"", ""7"", ""6"", ""4"", ""5"", ""A"", ""C"", ""9"", ""3"", ""D"", ""E"", ""U"", ""2"", ""1"", ""F""]"
GCSE,Product Design,961,"[""4"", ""C"", ""B"", ""6"", ""A"", ""7"", ""5"", ""8"", ""A*"", ""9"", ""3"", ""2"", ""D"", ""E""]"
GCSE,Science - Additional ,944,"[""B"", ""A*"", ""A"", ""7"", ""5"", ""8"", ""6"", ""C"", ""3"", ""D"", ""4"", ""F"", ""E"", ""2"", ""9"", ""1""]"
GCSE,Photography,729,"[""5"", ""6"", ""B"", ""7"", ""9"", ""8"", ""4"", ""3"", ""2"", ""A*"", ""A"", ""C""]"
GCSE,Graphics,717,"[""B"", ""A*"", ""7"", ""C"", ""A"", ""6"", ""3"", ""D"", ""5"", ""8"", ""4"", ""9"", ""2"", ""E"", ""F""]"
GCSE,Health and Social Care ,709,"[""C"", ""B"", ""A"", ""6"", ""A*"", ""D"", ""3"", ""7"", ""5"", ""8"", ""9"", ""4"", ""2"", ""E"", ""F"", ""G"", ""U"", ""1""]"
GCSE,Arabic,680,"[""A*"", ""D"", ""9"", ""8"", ""5"", ""A"", ""7"", ""C"", ""2"", ""6"", ""B"", ""1"", ""4"", ""E"", ""3""]"
GCSE,Science - Double Award,578,"[""A*"", ""B"", ""A"", ""6"", ""7"", ""5"", ""8"", ""4"", ""C"", ""3"", ""2"", ""F"", ""D"", ""9""]"
GCSE,Religious Studies Short Course,540,"[""5"", ""6"", ""C"", ""A"", ""3"", ""A*"", ""B"", ""7"", ""4"", ""8"", ""9"", ""D"", ""G"", ""1"", ""E"", ""2""]"
GCSE,Dance,527,"[""5"", ""6"", ""7"", ""A"", ""C"", ""8"", ""B"", ""3"", ""9"", ""4"", ""2"", ""A*"", ""D"", ""1"", ""E""]"
GCSE,Latin,480,"[""8"", ""6"", ""B"", ""9"", ""A*"", ""7"", ""5"", ""3"", ""4"", ""A"", ""1"", ""2"", ""D""]"
GCSE,Science - Core,461,"[""B"", ""8"", ""7"", ""5"", ""6"", ""4"", ""9"", ""C"", ""3"", ""A"", ""D"", ""A*"", ""E"", ""2""]"
GCSE,Applied Information and Communication Technology ,433,"[""C"", ""5"", ""8"", ""6"", ""A*"", ""A"", ""B"", ""4"", ""7"", ""3"", ""1"", ""9"", ""E"", ""D"", ""2"", ""G""]"
GCSE,Ancient History,409,"[""7"", ""6"", ""A*"", ""B"", ""8"", ""4"", ""5"", ""2"", ""A"", ""C"", ""E"", ""3"", ""1"", ""D"", ""9"", ""U""]"
GCSE,Philosophy,403,"[""B"", ""6"", ""9"", ""8"", ""4"", ""5"", ""7"", ""3"", ""A*"", ""1"", ""2""]"
GCSE,Chinese,377,"[""B"", ""A"", ""C"", ""6"", ""A*"", ""D"", ""E"", ""4"", ""7"", ""5"", ""9"", ""8"", ""3"", ""2"", ""1""]"
GCSE,Italian,321,"[""A*"", ""6"", ""B"", ""A"", ""C"", ""D"", ""9"", ""7"", ""5"", ""8"", ""4"", ""2"", ""3""]"
GCSE,Applied Physical Education,301,"[""6"", ""9"", ""7"", ""B"", ""3"", ""5"", ""8"", ""4"", ""A"", ""C"", ""A*"", ""D"", ""E""]"
BTEC - National Vocational Qualification,BTEC Health and Social Care (QCF),294,"[""Distinction"", ""Distinction*"", ""Merit"", ""Pass""]"
GCSE,Media Studies ,293,"[""B"", ""C"", ""6"", ""9"", ""7"", ""4"", ""5"", ""A"", ""D"", ""A*"", ""8"", ""3"", ""U"", ""2"", ""1"", ""E""]"
GCSE,Engineering ,279,"[""A"", ""B"", ""A*"", ""6"", ""8"", ""7"", ""D"", ""4"", ""5"", ""3"", ""2"", ""C"", ""9"", ""E""]"
GCSE,Applied Business,278,"[""B"", ""6"", ""A"", ""A*"", ""7"", ""C"", ""4"", ""5"", ""8"", ""9"", ""2"", ""D"", ""E"", ""3"", ""U"", ""1"", ""F""]"
BTEC - National Vocational Qualification,BTEC Sport (QCF),271,"[""Distinction"", ""Merit"", ""Distinction*"", ""Pass""]"
GCSE,Expressive Arts,266,"[""B"", ""A"", ""C"", ""7"", ""8"", ""6"", ""5"", ""3"", ""4"", ""D""]"
GCSE,Turkish,261,"[""8"", ""A*"", ""C"", ""A"", ""9"", ""B"", ""7"", ""9-9"", ""E"", ""6"", ""4"", ""5""]"
GCSE,CiDA,229,"[""Merit"", ""Pass"", ""Distinction"", ""Distinction*"", ""Fail"", ""B""]"
BTEC - National Vocational Qualification,BTEC Business (QCF),228,"[""Distinction*"", ""Distinction"", ""Pass"", ""Merit""]"
i GCSE,Mathematics (without coursework) ,222,"[""C"", ""B"", ""A"", ""8"", ""A*"", ""7"", ""6"", ""3"", ""5"", ""9"", ""E"", ""4"", ""G""]"
GCSE,Technology and Design,216,"[""B"", ""A*"", ""C"", ""A"", ""4"", ""6"", ""7"", ""5"", ""8"", ""E"", ""9"", ""3"", ""D"", ""1""]"
GCSE,Science - Combined (old pre2017),201,"[""A*"", ""B"", ""A"", ""6"", ""3"", ""7"", ""4"", ""5-4"", ""D"", ""5"", ""E"", ""C"", ""F"", ""8"", ""9""]"
BTEC - National Vocational Qualification,BTEC Business (Specialist: Finance) (QCF),201,"[""Merit"", ""Distinction*"", ""Distinction"", ""Pass"", ""Fail""]"
GCSE,Panjabi,199,"[""A*"", ""A"", ""B"", ""7"", ""C"", ""6"", ""9"", ""8"", ""E"", ""D"", ""4"", ""F"", ""5"", ""3""]"
GCSE,Classical Civilisation,199,"[""A"", ""A*"", ""B"", ""C"", ""6"", ""7"", ""5"", ""8"", ""9"", ""4"", ""D"", ""3""]"
i GCSE,First language English ,198,"[""C"", ""B"", ""A"", ""A*"", ""7"", ""8"", ""6"", ""5"", ""4"", ""9"", ""3""]"
GCSE,Polish,191,"[""A*"", ""A"", ""9"", ""6"", ""7"", ""8"", ""B"", ""5"", ""U""]"
i GCSE,Biology ,188,"[""B"", ""A"", ""A*"", ""7"", ""6"", ""8"", ""9"", ""C"", ""2"", ""5"", ""E"", ""F""]"
BTEC - National Vocational Qualification,BTEC Performing Arts (QCF),187,"[""Distinction"", ""Merit"", ""Distinction*"", ""Pass""]"
GCSE,Urdu,174,"[""B"", ""5"", ""A"", ""9"", ""A*"", ""C"", ""6"", ""7"", ""4"", ""8"", ""D"", ""E""]"
BTEC - National Vocational Qualification,BTEC 90-credit Health and Social Care (QCF),173,"[""Distinction*"", ""Distinction"", ""Merit"", ""Pass"", ""Fail""]"
BTEC - National Vocational Qualification,BTEC Business (Specialist) (QCF),173,"[""Merit"", ""Distinction"", ""Distinction*"", ""Pass""]"
GCSE,Business Studies and Economics,171,"[""A"", ""A*"", ""C"", ""B"", ""7"", ""5"", ""6"", ""8"", ""9"", ""D""]"
i GCSE,Physics ,161,"[""B"", ""A"", ""A*"", ""C"", ""8"", ""6"", ""7"", ""5"", ""9"", ""3"", ""D"", ""E"", ""U""]"
i GCSE,Chemistry ,160,"[""A"", ""B"", ""6"", ""7"", ""9"", ""A*"", ""8"", ""C"", ""2"", ""5"", ""G"", ""4""]"
i GCSE,Literature (English) ,148,"[""B"", ""5"", ""6"", ""8"", ""A"", ""A*"", ""7"", ""9"", ""2"", ""3"", ""C""]"
GCSE,Science - Combined:Synergy,143,"[""A*"", ""B"", ""A"", ""8"", ""6"", ""5"", ""C"", ""7"", ""4"", ""9"", ""3""]"
GCSE,Portuguese,140,"[""C"", ""A"", ""8"", ""7"", ""6"", ""A*"", ""9"", ""B"", ""4"", ""5""]"
GCSE,Financial Services ,130,"[""A*"", ""A"", ""B"", ""6"", ""9"", ""5"", ""C"", ""7"", ""8"", ""3"", ""E"", ""4""]"
GCSE,Catering,122,"[""9"", ""6"", ""B"", ""8"", ""A"", ""3"", ""4"", ""7"", ""5"", ""E"", ""C"", ""2"", ""A*""]"
GCSE,Bengali,119,"[""6"", ""A*"", ""A"", ""8"", ""5"", ""7"", ""B"", ""C"", ""3"", ""9"", ""4"", ""2"", ""1"", ""D""]"
GCSE,Electronics,116,"[""A"", ""A*"", ""B"", ""6"", ""C"", ""8"", ""7"", ""9"", ""5"", ""1"", ""4""]"
GCSE,Science - Further Additional ,115,"[""A*"", ""B"", ""A"", ""7"", ""9"", ""6"", ""C"", ""5"", ""8"", ""E"", ""D""]"
GCSE,Film Studies,113,"[""8"", ""5"", ""B"", ""6"", ""7"", ""C"", ""4"", ""9"", ""3"", ""A""]"
GCSE,Applied French (Single Award),108,"[""3"", ""6"", ""8"", ""B"", ""5"", ""4"", ""7"", ""A*"", ""C"", ""9"", ""A"", ""2"", ""D"", ""1"", ""E"", ""U""]"
GCSE,Science - Additional Applied,107,"[""A*"", ""B"", ""A"", ""8"", ""6"", ""C"", ""F"", ""E"", ""4"", ""3"", ""D"", ""5""]"
i GCSE,History ,99,"[""B"", ""8"", ""5"", ""A*"", ""6"", ""C"", ""9"", ""3"", ""A"", ""7"", ""F"", ""G""]"
BTEC - National Vocational Qualification,BTEC Music (QCF),99,"[""Merit"", ""Distinction"", ""Pass"", ""Distinction*""]"
GCSE,Food & Cookery,94,"[""A"", ""6"", ""A*"", ""D"", ""5"", ""3"", ""8"", ""7"", ""4"", ""9"", ""2"", ""B"", ""C"", ""1""]"
GCSE,Humanities,89,"[""C"", ""7"", ""B"", ""2"", ""3"", ""6"", ""5"", ""8"", ""A*"", ""4""]"
BTEC - National Vocational Qualification,BTEC Engineering (QCF),86,"[""Distinction"", ""Distinction*"", ""Pass"", ""Merit""]"
BTEC - National Vocational Qualification,BTEC Information Technology (Specialist) (QCF),85,"[""Merit"", ""Pass"", ""Distinction"", ""Distinction*""]"
BTEC - National Vocational Qualification,BTEC Creative Media Production (QCF),83,"[""Merit"", ""Pass"", ""Distinction*"", ""Distinction""]"
i GCSE,Geography ,81,"[""B"", ""A"", ""7"", ""8"", ""A*"", ""6"", ""5"", ""D"", ""2"", ""C""]"
BTEC - National Vocational Qualification,BTEC 90-credit Sport and Exercise Sciences (QCF),81,"[""Distinction"", ""Distinction*"", ""Merit"", ""Pass""]"
GCSE,Hospitality and Catering ,81,"[""B"", ""A"", ""A*"", ""6"", ""7"", ""4"", ""9"", ""5"", ""8"", ""C"", ""2""]"
BTEC - National Vocational Qualification,BTEC Level 1/Level 2 First Award in Sport,79,"[""Distinction*"", ""Distinction"", ""Merit"", ""Pass""]"
GCSE,Applied Media,77,"[""C"", ""7"", ""5"", ""4"", ""A"", ""A*"", ""B"", ""6"", ""8"", ""9"", ""3"", ""G""]"
i GCSE,Business studies ,74,"[""B"", ""8"", ""A*"", ""A"", ""C"", ""E"", ""5"", ""4"", ""6"", ""7"", ""D"", ""F""]"
i GCSE,French ,73,"[""B"", ""C"", ""A"", ""6"", ""7"", ""A*"", ""4"", ""5"", ""D"", ""8"", ""9"", ""E""]"
GCSE,Performing Arts,72,"[""6"", ""5"", ""B"", ""A*"", ""4"", ""7"", ""8"", ""A"", ""C"", ""9"", ""3""]"
GCSE,Russian,72,"[""A*"", ""A"", ""C"", ""B"", ""7"", ""9"", ""6"", ""8"", ""5""]"
GCSE,GCSE subjects,66,"[""A*"", ""A"", ""1"", ""7"", ""6"", ""5"", ""4"", ""3"", ""8"", ""B"", ""C"", ""9"", ""D""]"
GCSE,Japanese,66,"[""A*"", ""A"", ""5"", ""B"", ""D"", ""C"", ""9"", ""6"", ""8"", ""7"", ""4""]"
GCSE,Science - Applied,56,"[""8"", ""6"", ""5"", ""C"", ""4"", ""B"", ""A*"", ""3"", ""7""]"
GCSE,Astronomy,55,"[""6"", ""A*"", ""B"", ""E"", ""A"", ""3"", ""C"", ""7"", ""D"", ""F""]"
i GCSE,Computer studies ,54,"[""B"", ""A*"", ""D"", ""8"", ""A"", ""9"", ""7"", ""C"", ""6"", ""5"", ""E""]"
BTEC - National Vocational Qualification,BTEC Business and Administration (QCF),54,"[""Fail"", ""Merit"", ""Distinction"", ""Distinction*"", ""Pass""]"
i GCSE,Combined science ,52,"[""4"", ""B"", ""A"", ""6"", ""C"", ""D"", ""5"", ""7"", ""3"", ""1""]"
GCSE,Gujarati,51,"[""A"", ""A*"", ""9"", ""B"", ""C"", ""D"", ""6""]"
GCSE,Applied Performing Arts,51,"[""6"", ""C"", ""B"", ""4"", ""A*"", ""9"", ""3"", ""7"", ""A"", ""5""]"
i GCSE,Spanish ,49,"[""B"", ""A"", ""A*"", ""8"", ""5"", ""6"", ""7"", ""9"", ""C""]"
i GCSE,Additional mathematics ,44,"[""C"", ""B"", ""A"", ""8"", ""6"", ""A*"", ""7"", ""E""]"
GCSE,Greek,44,"[""A"", ""A*"", ""B"", ""C"", ""9"", ""4"", ""6"", ""8""]"
GCSE,ECDL,44,"[""Distinction"", ""Distinction*"", ""Pass"", ""Merit""]"
BTEC - National Vocational Qualification,BTEC Creative and Digital Media (QCF),44,"[""Merit"", ""Distinction"", ""Pass"", ""Distinction*"", ""9""]"
i GCSE,Religious studies ,42,"[""B"", ""7"", ""6"", ""C"", ""5"", ""A*"", ""8"", ""E"", ""3""]"
BTEC - National Vocational Qualification,BTEC 90-credit IT (QCF),42,"[""Distinction"", ""Merit"", ""Distinction*"", ""Pass""]"
GCSE,Home Economics,42,"[""8"", ""B"", ""A"", ""C"", ""6"", ""7"", ""3"", ""5"", ""A*""]"
GCSE,Performing Arts: Dance,42,"[""1"", ""3"", ""7"", ""A*"", ""9"", ""B"", ""8"", ""C"", ""5"", ""4"", ""6""]"
i GCSE,Economics ,41,"[""B"", ""A"", ""A*"", ""8"", ""C"", ""7""]"
BTEC - National Vocational Qualification,BTEC ICT Systems and Principles (QCF),41,"[""Distinction"", ""Pass"", ""Merit"", ""Distinction*""]"
GCSE,Tamil,41,"[""7"", ""C"", ""A"", ""B"", ""A*"", ""8"", ""9""]"
GCSE,Construction ,39,"[""7"", ""B"", ""8"", ""6"", ""4"", ""1"", ""A*"", ""5"", ""A"", ""C"", ""3""]"
i GCSE,Cambridge international mathematics ,39,"[""A*"", ""B"", ""C"", ""8"", ""6"", ""A"", ""D"", ""4""]"
Specialist Music,Mathematics,39,"[""6"", ""5"", ""4"", ""8"", ""D"", ""A"", ""2"", ""7""]"
Specialist Music,English Language,38,"[""7"", ""5"", ""4"", ""6"", ""8"", ""B"", ""A"", ""9"", ""3""]"
GCSE,Arabic: Spoken Language ,38,"[""A*"", ""7"", ""A"", ""6"", ""B"", ""8"", ""9"", ""5""]"
GCSE,Business and Communication Systems,36,"[""7"", ""B"", ""A"", ""6"", ""F"", ""A*"", ""G"", ""C"", ""5""]"
BTEC - National Vocational Qualification,BTEC 90-credit Creative Media Production (QCF),35,"[""Distinction*"", ""Distinction"", ""Merit"", ""Pass""]"
i GCSE,Art and design ,34,"[""B"", ""6"", ""4"", ""8"", ""A"", ""C"", ""7"", ""5"", ""A*""]"
GCSE,Applied Physical Education (Single Award) ,34,"[""B"", ""6"", ""A"", ""7"", ""A*"", ""9"", ""4"", ""8"", ""D""]"
BTEC - National Vocational Qualification,BTEC IT (QCF),34,"[""Pass"", ""Distinction"", ""Merit"", ""Distinction*""]"
GCSE,Persian,34,"[""A*"", ""A"", ""5"", ""9"", ""4"", ""C"", ""8"", ""7"", ""6""]"
i GCSE,English Language,34,"[""7"", ""C"", ""B"", ""A"", ""5"", ""8"", ""4"", ""A*"", ""6"", ""9"", ""2""]"
BTEC - National Vocational Qualification,BTEC Sports Development (QCF),33,"[""Pass"", ""Merit"", ""Distinction"", ""Distinction*""]"
Specialist Music,English Literature,33,"[""6"", ""5"", ""8"", ""A"", ""7"", ""3"", ""4"", ""1""]"
GCSE,Digital Communication ,31,"[""B"", ""5"", ""8"", ""6"", ""C"", ""A"", ""F"", ""7"", ""D"", ""4""]"
BTEC - National Vocational Qualification,BTEC Art and Design (QCF),30,"[""Merit"", ""Pass"", ""Distinction*"", ""Distinction""]"
BTEC - National Vocational Qualification,BTEC 90-credit Travel and Tourism (QCF),30,"[""Distinction*"", ""Pass"", ""Distinction"", ""Merit""]"
GCSE,Arabic: Written Language ,29,"[""A*"", ""7"", ""B"", ""8"", ""E"", ""A"", ""6"", ""4"", ""2"", ""G"", ""3"", ""9"", ""5""]"
BTEC - National Vocational Qualification,BTEC 90-credit Engineering (QCF),28,"[""Distinction*"", ""Merit"", ""Pass"", ""Distinction""]"
BTEC - National Vocational Qualification,BTEC Sport and Exercise Sciences (QCF),27,"[""Distinction"", ""Merit"", ""Distinction*"", ""Pass""]"
Specialist Music,Piano,27,"[""4"", ""3"", ""2"", ""6"", ""1"", ""8"", ""5""]"
BTEC - National Vocational Qualification,BTEC Achieving Excellence Sports Performance (QCF),27,"[""Merit"", ""Distinction*"", ""Distinction"", ""Pass""]"
i GCSE,Islamiyat ,27,"[""C"", ""B"", ""A*"", ""A"", ""6"", ""7""]"
i GCSE,Coordinated sciences (Double award) ,26,"[""A"", ""B"", ""C"", ""5"", ""A*""]"
BTEC - National Vocational Qualification,BTEC Food Safety Health and Social Care and Early Years and Childcare Settings (QCF),26,"[""Distinction"", ""Pass"", ""Merit"", ""Distinction*""]"
Specialist Music,Religious Studies,26,"[""B"", ""5"", ""A*"", ""8"", ""9"", ""6"", ""7"", ""2"", ""4""]"
i GCSE,English Literature,26,"[""B"", ""C"", ""4"", ""6"", ""7"", ""5"", ""A"", ""A*"", ""U""]"
BTEC - National Vocational Qualification,BTEC ICT Professional Competence (QCF),24,"[""Merit"", ""Pass"", ""Distinction"", ""Distinction*""]"
Project,Higher Project,22,"[""A*"", ""B"", ""C"", ""A"", ""6""]"
i GCSE,English as a second language (Count-in oral) ,21,"[""7"", ""A*"", ""B"", ""5"", ""4"", ""8"", ""3"", ""C""]"
i GCSE,Physical Education,21,"[""B"", ""6"", ""C"", ""8"", ""A"", ""5"", ""7"", ""3""]"
GCSE,Modern Greek,21,"[""A"", ""A*"", ""B"", ""C"", ""8"", ""9""]"
International Baccalaureate Middle Years Programme, Science,21,"[""5"", ""6"", ""A"", ""4"", ""7"", ""B""]"
BTEC - National Vocational Qualification,BTEC Photography (QCF),20,"[""Pass"", ""Merit"", ""Distinction*"", ""Distinction""]"
BTEC - National Vocational Qualification,BTEC 90-credit Music (QCF),20,"[""Distinction*"", ""Distinction"", ""Merit""]"
National Vocational Qualification,for Creative iMedia (QCF),20,"[""8"", ""B"", ""A"", ""5"", ""A*"", ""4"", ""9"", ""7""]"
i GCSE,Sociology ,19,"[""B"", ""A"", ""C"", ""A*""]"
GCSE,Hospitality,19,"[""6"", ""B"", ""A"", ""9"", ""2"", ""D"", ""4""]"
GCSE,Geology,19,"[""5"", ""9"", ""6"", ""A"", ""7"", ""4"", ""A*"", ""3""]"
Specialist Music,Geography,19,"[""A"", ""5"", ""8"", ""6"", ""7"", ""4"", ""2""]"
Specialist Music,Biology,19,"[""A*"", ""8"", ""A"", ""9"", ""6"", ""7"", ""4"", ""3"", ""5""]"
Specialist Music,Physics,19,"[""A"", ""8"", ""B"", ""5"", ""7"", ""9"", ""4"", ""6""]"
Specialist Music,Chemistry,19,"[""B"", ""8"", ""A"", ""7"", ""4"", ""3"", ""6"", ""5""]"
International Baccalaureate Diploma,Overall,19,"[""1"", ""B"", ""6"", ""A""]"
i GCSE,Drama,18,"[""B"", ""4"", ""D"", ""A"", ""6"", ""C"", ""A*"", ""7"", ""8"", ""9""]"
BTEC - National Vocational Qualification,BTEC 90-credit Construction and the Built Environment (QCF),18,"[""Merit"", ""Distinction"", ""Pass""]"
GCSE,Chinese: Spoken Language ,18,"[""9"", ""7"", ""A"", ""A*"", ""1"", ""6"", ""B"", ""4""]"
GCSE,Chinese: Written Language ,18,"[""9"", ""A*"", ""6"", ""5"", ""7"", ""A"", ""4""]"
National Vocational Qualification, Children,18,"[""A"", ""6"", ""A*"", ""8"", ""3"", ""C"", ""B"", ""5"", ""7""]"
International Baccalaureate Middle Years Programme, English,18,"[""B"", ""5"", ""6"", ""A*"", ""7"", ""8"", ""A"", ""C""]"
i GCSE,First language German ,17,"[""B"", ""7"", ""3"", ""6"", ""5"", ""8""]"
i GCSE,Music,17,"[""B"", ""A"", ""2"", ""8"", ""7"", ""6"", ""A*"", ""5"", ""3""]"
Specialist Music,Science - Combined (2018 onwards),17,"[""5-5"", ""4-4"", ""8-8"", ""6-5"", ""2-2"", ""4-3"", ""7-6"", ""6-6""]"
BTEC - National Vocational Qualification,BTEC 90-credit Business (QCF),17,"[""Merit""]"
BTEC - National Vocational Qualification,BTEC Travel and Tourism (QCF),17,"[""Distinction"", ""Pass"", ""Merit"", ""Distinction*""]"
i GCSE,Physical science ,16,"[""B"", ""A"", ""A*""]"
Specialist Music,Music Theory,16,"[""5"", ""2"", ""1""]"
BTEC - National Vocational Qualification,BTEC Improving Health and Fitness for Entry to the Uniformed Public Services (QCF),16,"[""Merit"", ""Distinction"", ""Pass"", ""Distinction*""]"
GCSE,Italian: Written Language ,16,"[""6"", ""C"", ""A"", ""A*"", ""7"", ""D"", ""B"", ""5"", ""9""]"
BTEC - National Vocational Qualification,BTEC Business Administration (QCF),16,"[""Merit""]"
BTEC - National Vocational Qualification,BTEC 90-credit Sport (QCF),16,"[""Merit""]"
BTEC - National Vocational Qualification,BTEC Music Technology (QCF),16,"[""Merit"", ""Distinction"", ""Pass""]"
BTEC - National Vocational Qualification,BTEC Textiles (QCF),15,"[""Merit"", ""Distinction"", ""Distinction*"", ""Pass"", ""Fail""]"
GCSE,Classical Greek,15,"[""6"", ""7"", ""9"", ""5"", ""4"", ""A*"", ""8"", ""A""]"
BTEC - National Vocational Qualification,BTEC Hospitality and Catering Principles (Food and Beverage Service) (QCF),15,"[""Merit"", ""Distinction"", ""Distinction*""]"
Specialist Music,History,15,"[""C"", ""5"", ""9"", ""8"", ""A*"", ""2"", ""6"", ""7"", ""4""]"
International Baccalaureate Middle Years Programme, Humanities,14,"[""6"", ""5"", ""A"", ""A*"", ""B"", ""4"", ""7""]"
BTEC - National Vocational Qualification,BTEC Skills and Activities for Sport and Active Leisure (Sports Science) (QCF),14,"[""Distinction"", ""Merit"", ""Pass"", ""Distinction*""]"
Specialist Music,Voices,14,"[""1"", ""3"", ""5"", ""2"", ""4"", ""6"", ""7""]"
AS Level,Polish,13,"[""A"", ""C"", ""A*""]"
AS Level,Arabic,13,"[""A"", ""A*""]"
GCSE,Italian: Spoken Language ,13,"[""9"", ""A"", ""A*"", ""7""]"
International Baccalaureate Middle Years Programme, Standard Mathematics,13,"[""5"", ""4"", ""A"", ""7"", ""A*"", ""6""]"
i GCSE,Design and Technology,12,"[""B"", ""7"", ""6"", ""C""]"
GCSE,Law,12,"[""6"", ""A"", ""5"", ""A*"", ""3"", ""C"", ""B"", ""4""]"
GCSE,FSMQ,12,"[""D"", ""A"", ""C"", ""B""]"
BTEC - National Vocational Qualification,BTEC Food Safety Catering (QCF),12,"[""Merit"", ""Pass"", ""Distinction*"", ""Distinction""]"
BTEC - National Vocational Qualification,BTEC Applied Science (QCF),12,"[""Pass"", ""Distinction"", ""Merit""]"
GCSE,Maths,12,"[""8"", ""7"", ""5"", ""6"", ""3""]"
i GCSE,First language Chinese ,11,"[""B"", ""A*"", ""9""]"
Specialist Music,Violin,11,"[""8"", ""2"", ""7"", ""5"", ""1"", ""3"", ""4""]"
AS Level,Mathematics,11,"[""A"", ""A*"", ""U"", ""E"", ""B"", ""D""]"
BTEC - National Vocational Qualification,BTEC Construction and the Built Environment (QCF),11,"[""Distinction*"", ""Distinction"", ""Merit"", ""Pass""]"
BTEC - National Vocational Qualification,BTEC Understanding Business Enterprise (QCF),11,"[""Distinction"", ""Merit"", ""Pass""]"
BTEC - National Vocational Qualification,BTEC 90-credit Music Technology (QCF),11,"[""Distinction*"", ""Pass"", ""Merit"", ""Distinction""]"
Key Skills, Information Technology,10,"[""6"", ""A"", ""B"", ""5"", ""3"", ""C""]"
GCSE,Leisure and Tourism,10,"[""C"", ""8"", ""5"", ""B"", ""4""]"
AS Level,Chemistry,10,"[""A*"", ""E"", ""U"", ""B""]"
BTEC - National Vocational Qualification,BTEC Food Safety Supervision for Retail (QCF),10,"[""Pass"", ""Distinction*"", ""Distinction"", ""Merit""]"
GCSE,Applied Performing Arts (Single Award) ,10,"[""5"", ""C"", ""7"", ""A*"", ""4""]"
GCSE,Religious Education,10,"[""A*"", ""A"", ""6"", ""7"", ""8""]"
Project,Foundation Project,9,"[""A*"", ""B"", ""7""]"
Specialist Music,Media Studies,9,"[""D"", ""B"", ""A"", ""C""]"
BTEC - National Vocational Qualification,BTEC 90-credit Public Services (QCF),9,"[""Merit"", ""Pass""]"
BTEC - National Vocational Qualification,BTEC Construction (QCF),9,"[""Merit"", ""Distinction"", ""Pass""]"
AS Level,Turkish,9,"[""A"", ""C"", ""B""]"
National Vocational Qualification,Health and Fitness (QCF),9,"[""A"", ""A*"", ""C"", ""7"", ""B""]"
A Level,Arabic,9,"[""C"", ""A"", ""B""]"
AS Level,Portuguese,9,"[""B"", ""C"", ""A""]"
BTEC - National Vocational Qualification,BTEC HNC Computing and Systems Development (QCF),9,"[""Distinction"", ""Pass"", ""Merit""]"
i GCSE,Accounting ,9,"[""8"", ""B"", ""6"", ""9"", ""A"", ""C"", ""A*""]"
Specialist Music,Electric guitar,9,"[""2"", ""3"", ""6"", ""5"", ""4""]"
GCSE,Art,9,"[""8"", ""7"", ""6"", ""5"", ""C""]"
GCSE,Leisure and Tourism ,9,"[""6"", ""B""]"
BTEC - National Vocational Qualification,BTEC Hospitality and Catering Principles (Professional Cookery - Food Preparation and Cooking) (QCF),8,"[""Merit"", ""Distinction"", ""Distinction*""]"
Specialist Music,French,8,"[""5"", ""8"", ""C"", ""A"", ""3"", ""7""]"
AS Level,Physics,8,"[""A*"", ""E"", ""B"", ""C""]"
GCSE,Learning for Life and Work ,8,"[""4"", ""6"", ""2"", ""9"", ""5""]"
BTEC - National Vocational Qualification,BTEC ICT Systems and Principles for Apprentices (QCF),8,"[""Pass"", ""Merit"", ""Distinction""]"
International Baccalaureate Middle Years Programme, Visual Art,8,"[""6"", ""7"", ""A"", ""5""]"
BTEC - National Vocational Qualification,BTEC Home Cooking Skills (QCF),8,"[""Merit"", ""Pass"", ""Distinction""]"
GCSE,Welsh Second Language,8,"[""C"", ""B"", ""A"", ""A*""]"
BTEC - National Vocational Qualification,BTEC HNC Photography (QCF),8,"[""Pass""]"
i GCSE,Hindi as a second language ,7,"[""B"", ""A""]"
BTEC - National Vocational Qualification,BTEC Design Crafts (QCF),7,"[""Merit"", ""Distinction""]"
BTEC - National Vocational Qualification,BTEC Enterprise Skills (QCF),7,"[""Distinction"", ""Pass"", ""Merit""]"
Specialist Music,Art and Design,7,"[""3"", ""6"", ""8"", ""4"", ""5""]"
BTEC - National Vocational Qualification,BTEC 90-credit Hospitality (QCF),7,"[""Distinction*"", ""Distinction""]"
i GCSE,Biology,7,"[""A*"", ""6"", ""A"", ""B"", ""7""]"
A Level,Polish,7,"[""A"", ""8"", ""A*"", ""B""]"
A Level,Mathematics,7,"[""C"", ""6"", ""A"", ""B""]"
i GCSE,Physics,7,"[""A"", ""6"", ""A*"", ""7""]"
GCSE,Urdu: Spoken Language ,7,"[""A*"", ""8"", ""7"", ""6"", ""C""]"
Specialist Music,Other,7,"[""8"", ""5""]"
BTEC - National Vocational Qualification,BTEC Subsidiary Information Technology (Specialist) (QCF),7,"[""Pass"", ""Merit"", ""Distinction""]"
Specialist Music,Physical Education,7,"[""7"", ""4"", ""6"", ""5""]"
Key Skills, Working with Others,6,"[""6"", ""3"", ""8"", ""1"", ""C""]"
BTEC - National Vocational Qualification,BTEC 90-credit Art and Design (QCF),6,"[""Distinction"", ""Merit""]"
i GCSE,First Language French ,6,"[""B"", ""7"", ""C""]"
Specialist Music,Spanish,6,"[""4"", ""7"", ""5""]"
AS Level,Biology,6,"[""A*"", ""U"", ""B""]"
AS Level,Computer Science,6,"[""A*"", ""C"", ""A"", ""B""]"
AS Level,Religious Studies,6,"[""A*"", ""B"", ""C"", ""A""]"
A Level,Turkish,6,"[""A"", ""B"", ""9"", ""C"", ""7""]"
International Baccalaureate Middle Years Programme, French,6,"[""C"", ""B"", ""9"", ""6"", ""A""]"
GCSE,Russian: Written Language ,6,"[""A*"", ""B""]"
i GCSE,Chemistry,6,"[""A*"", ""A"", ""B"", ""7""]"
International Baccalaureate Middle Years Programme, Product Design,6,"[""6"", ""4"", ""3""]"
Specialist Music,Acoustic guitar,6,"[""8"", ""3"", ""1"", ""4""]"
International Baccalaureate Middle Years Programme, Physical & Health Education,6,"[""B"", ""6"", ""A*"", ""8"", ""A""]"
International Baccalaureate Middle Years Programme, other Mother-Tongue Language,6,"[""6"", ""5"", ""4"", ""A"", ""9"", ""C""]"
i GCSE,Latin ,6,"[""7"", ""4"", ""B"", ""9""]"
BTEC - National Vocational Qualification,BTEC Leadership Through Sport (QCF),6,"[""Distinction"", ""Merit"", ""Distinction*""]"
A Level,Sociology,6,"[""B"", ""7"", ""C""]"
i GCSE,Environmental management ,6,"[""C"", ""B"", ""A""]"
National Vocational Qualification, ICT Systems and Principles for Professionals (PROCOM) (QCF),6,"[""9"", ""A"", ""5"", ""C""]"
BTEC - National Vocational Qualification,BTEC Music for Practical Performance (QCF),6,"[""Merit"", ""Pass"", ""Distinction""]"
Specialist Music,Design and Technology,6,"[""A*"", ""A"", ""D"", ""C"", ""B""]"
i GCSE,English as a second language (Oral endorsement) ,5,"[""7"", ""8"", ""A"", ""E""]"
BTEC - National Vocational Qualification,BTEC for IT Users (ITQ) (QCF),5,"[""Distinction"", ""Pass"", ""Merit""]"
GCSE,Construction and the Built Environment,5,"[""A"", ""9"", ""2"", ""4"", ""5""]"
GCSE,Environmental Science,5,"[""A"", ""C"", ""A*""]"
National Vocational Qualification,ICT Systems and Principles (QCF),5,"[""B"", ""3"", ""7"", ""6""]"
Specialist Music,Computer Science,5,"[""6"", ""8"", ""5"", ""7""]"
GCSE,Biblical Hebrew,5,"[""8"", ""9"", ""5""]"
International Baccalaureate Middle Years Programme,Overall ,5,"[""C"", ""1"", ""7"", ""8""]"
GCSE,Russian: Spoken Language ,5,"[""A*"", ""A""]"
BTEC - National Vocational Qualification,BTEC HNC Sport and Exercise Sciences (QCF),5,"[""Pass"", ""Merit"", ""Distinction"", ""Distinction*""]"
BTEC - National Vocational Qualification,BTEC Hospitality (QCF),5,"[""Merit"", ""Pass"", ""Distinction*"", ""Distinction""]"
GCSE,Greek: Spoken Language ,5,"[""A*"", ""9"", ""5""]"
A Level,Religious Studies,5,"[""C"", ""B""]"
BTEC - National Vocational Qualification,BTEC Hospitality and Catering Principles (Food Production and Cooking) (QCF),5,"[""Merit"", ""Distinction*"", ""Distinction""]"
Key Skills, Information and Communication Technology,5,"[""1"", ""4"", ""7"", ""5""]"
GCSE,Urdu: Written Language ,5,"[""A*"", ""6"", ""B""]"
BTEC - National Vocational Qualification,BTEC Hospitality and Catering Principles (Food Service) (QCF),5,"[""Merit"", ""Distinction*"", ""Distinction"", ""Pass""]"
International Baccalaureate Middle Years Programme, Extended Mathematics,5,"[""5"", ""C"", ""7"", ""B""]"
BTEC - National Vocational Qualification,BTEC Aviation Studies for Air Cadets (QCF),5,"[""Distinction"", ""Pass"", ""Distinction*""]"
GCSE,General Studies,5,"[""A"", ""8"", ""5"", ""D""]"
National Vocational Qualification,Financial Education (QCF),5,"[""A*"", ""B"", ""A""]"
AS Level,Further Mathematics,5,"[""B"", ""A"", ""C""]"
BTEC - National Vocational Qualification,BTEC 3D Design (QCF),5,"[""Pass"", ""Distinction"", ""Distinction*""]"
Specialist Music,Clarinet,5,"[""3"", ""6""]"
i GCSE,Mathematics,5,"[""7"", ""A"", ""9""]"
A Level,English Language,5,"[""A"", ""6"", ""C""]"
Specialist Music,Music,5,"[""7"", ""A"", ""6"", ""8""]"
BTEC - National Vocational Qualification,BTEC HNC Interactive Media (QCF),4,"[""Pass"", ""Merit""]"
National Vocational Qualification, Sports Studies (QCF),4,"[""6"", ""A*"", ""B""]"
AS Level,English Language,4,"[""A*"", ""A""]"
BTEC - National Vocational Qualification,BTEC Electrical/Electronic Engineering (QCF),4,"[""Distinction"", ""Pass""]"
A Level,Spanish,4,"[""1"", ""B"", ""A""]"
i GCSE,Mandarin Chinese Pakistan studies ,4,"[""C"", ""A""]"
GCSE,Greek: Written Language ,4,"[""E"", ""9"", ""A*""]"
Specialist Music,Flute,4,"[""2"", ""4"", ""8"", ""3""]"
AS Level,Modern Greek,4,"[""A""]"
National Vocational Qualification, Creative Media (QCF),4,"[""5"", ""7"", ""B""]"
BTEC - National Vocational Qualification,BTEC Business Management the Land-based Sector (QCF),4,"[""Distinction"", ""Merit""]"
BTEC - National Vocational Qualification,BTEC Understanding Sports Performance (QCF),4,"[""Pass"", ""Merit"", ""Distinction""]"
GCSE,Modern Hebrew,4,"[""8"", ""A*""]"
A Level,Persian,4,"[""B"", ""A"", ""9""]"
BTEC - National Vocational Qualification,BTEC HNC Creative Media Production (QCF),4,"[""Merit"", ""Distinction"", ""Pass""]"
BTEC - National Vocational Qualification,BTEC Graphic Design (QCF),4,"[""Distinction"", ""Pass"", ""Merit""]"
GCSE,Moving Image Arts,4,"[""7"", ""8"", ""6""]"
GCSE,Science (Double),4,"[""7"", ""6"", ""8""]"
Specialist Music,Sociology,4,"[""C"", ""B"", ""D""]"
A Level,French,3,"[""A"", ""B""]"
GCSE,Applied Media (Single Award) ,3,"[""6"", ""C"", ""D""]"
GCSE,DiDA,3,"[""Distinction*"", ""Distinction"", ""Merit""]"
BTEC - National Vocational Qualification,"BTEC Meeting the Requirements of Customers with Specific Needs Hospitality, Leisure, Travel and Tourism (QCF)",3,"[""Pass"", ""Merit""]"
BTEC - National Vocational Qualification,BTEC Leadership Skills (QCF),3,"[""Pass"", ""Distinction*""]"
National Vocational Qualification, Sport (QCF),3,"[""5"", ""6"", ""7""]"
Key Skills,Improving Own Learning and Performance,3,"[""E"", ""C"", ""5""]"
Specialist Music,Turkish,3,"[""A*"", ""9""]"
Specialist Music,Business,3,"[""5"", ""A*"", ""C""]"
i GCSE,First language Spanish ,3,"[""B"", ""A""]"
BTEC - National Vocational Qualification,BTEC 6-credit WorkSkills (QCF),3,"[""Merit"", ""Distinction*"", ""Pass""]"
BTEC - National Vocational Qualification,BTEC Engineering (Specialist: Manufacturing Engineering) (QCF),3,"[""Distinction"", ""Merit""]"
AS Level,Greek,3,"[""A"", ""A*""]"
BTEC - National Vocational Qualification,BTEC Personal and Business Finance (QCF),3,"[""Pass""]"
Key Skills,Working with Others,3,"[""1"", ""2"", ""5""]"
Key Skills, Communication,3,"[""1"", ""A""]"
BTEC - National Vocational Qualification,BTEC Construction and Built Environment (Specialist: Construction) (QCF),3,"[""Merit"", ""Distinction""]"
BTEC - National Vocational Qualification,BTEC Online Business Skills (QCF),3,"[""Merit"", ""Distinction""]"
AS Level,Economics,3,"[""U"", ""C""]"
GCSE,Environmental and Land-Based Science,3,"[""B"", ""9""]"
BTEC - National Vocational Qualification,BTEC HNC Hair and Beauty Management (QCF),3,"[""Distinction*"", ""Distinction""]"
A Level,Chemistry,3,"[""C"", ""B""]"
BTEC - National Vocational Qualification,BTEC for Residential Childcare (England) (QCF),3,"[""Pass"", ""Merit"", ""Distinction""]"
i GCSE,Afrikaans as a second language ,3,"[""B"", ""C""]"
National Vocational Qualification,Business Enterprise (QCF),3,"[""7"", ""C"", ""A""]"
A Level,Chinese,3,"[""A"", ""C""]"
National Vocational Qualification, Health and Social Care,3,"[""A*"", ""6""]"
Key Skills,Information Technology,3,"[""4"", ""2"", ""C""]"
Key Skills, Communication (KS),3,"[""1"", ""4"", ""C""]"
Key Skills,Essential Skills - Application of Number,3,"[""1"", ""3"", ""5""]"
Key Skills,Problem Solving,3,"[""2"", ""C"", ""5""]"
Project,Extended Project Qualification ,3,"[""B"", ""A"", ""A*""]"
National Vocational Qualification,Career Education and Preparation for Working Life (QCF),3,"[""2""]"
International Baccalaureate Middle Years Programme, Spanish,3,"[""6"", ""A"", ""B""]"
International Baccalaureate Middle Years Programme, Theatre,3,"[""5"", ""B"", ""6""]"
BTEC - National Vocational Qualification,BTEC HNC Fashion and Textiles (QCF),3,"[""Distinction""]"
AS Level,Chinese,3,"[""A""]"
National Vocational Qualification,Health and Social Care,3,"[""A*"", ""5""]"
BTEC - National Vocational Qualification,BTEC Interactive Media (QCF),3,"[""Distinction"", ""Distinction*"", ""Merit""]"
Specialist Music,Trumpet,3,"[""3"", ""5""]"
BTEC - National Vocational Qualification,BTEC IT User Skills (ITQ) (QCF),3,"[""Merit"", ""Distinction*""]"
A Level,Portuguese,3,"[""B""]"
i GCSE,Spanish,3,"[""A*"", ""A""]"
GCSE,Combined Science,3,"[""8"", ""7""]"
GCSE,Health and Social Care,3,"[""B"", ""Distinction*""]"
AS Level,Computing,3,"[""A"", ""A*"", ""G""]"
National Vocational Qualification, Managing Personal Finances (QCF),3,"[""A*"", ""B"", ""A""]"
Specialist Music,Drama,3,"[""6"", ""4"", ""5""]"
BTEC - National Vocational Qualification,BTEC Professional Development for Working Children,2,"[""8"", ""B""]"
A Level,English Literature,2,"[""6"", ""C""]"
BTEC - National Vocational Qualification,BTEC Public Services (QCF),2,"[""Pass""]"
Specialist Music,English,2,"[""5""]"
Specialist Music,Science,2,"[""5""]"
BTEC - National Vocational Qualification,BTEC 90-credit Aviation Operations (QCF),2,"[""Distinction*"", ""Pass""]"
BTEC - National Vocational Qualification,BTEC Disengagement and Physical Intervention Skills (QCF),2,"[""Distinction*"", ""Merit""]"
GCSE,Journalism in the Media and Communications Industry (JMC),2,"[""5"", ""C""]"
Project,Extended Project,2,"[""A*""]"
Key Skills,Communication,2,"[""4"", ""8""]"
AS Level,French,2,"[""A"", ""8""]"
Key Skills, Problem Solving,2,"[""1""]"
AS Level,Spanish,2,"[""8"", ""A*""]"
National Vocational Qualification,"Improving Personal Exercise, Health and Nutrition (QCF)",2,"[""A""]"
BTEC - National Vocational Qualification,BTEC The Business Environment (QCF),2,"[""Merit"", ""Distinction""]"
AS Level,Government and Politics,2,"[""D"", ""C""]"
GCSE,Motor Vehicle and Road User Studies,2,"[""A*"", ""3""]"
AS Level,Business Studies,2,"[""C"", ""D""]"
GCSE,Manufacturing ,2,"[""B"", ""7""]"
BTEC - National Vocational Qualification,BTEC Sailing and Watersports (QCF),2,"[""Pass""]"
A Level,Modern Greek,2,"[""B""]"
A Level,Physics,2,"[""C"", ""4""]"
BTEC - National Vocational Qualification,BTEC Teamwork and Personal Development the Community (QCF),2,"[""Pass""]"
A Level,Computer Science,2,"[""B""]"
A Level,Geography,2,"[""C"", ""4""]"
BTEC - National Vocational Qualification,Applied Information and Communication Technology ,2,"[""A"", ""6""]"
BTEC - National Vocational Qualification,BTEC 90-credit Performing Arts (QCF),2,"[""Distinction*"", ""Merit""]"
BTEC - National Vocational Qualification,BTEC Design (QCF),2,"[""Pass""]"
BTEC - National Vocational Qualification,BTEC Skills and Activities for Sport and Active Leisure (Exercise and Fitness Instruction) (QCF),2,"[""Pass""]"
Specialist Music,Cello,2,"[""5""]"
BTEC - National Vocational Qualification,BTEC Beauty Therapy Services (QCF),2,"[""Merit""]"
National Vocational Qualification,Creative Techniques Creative Computing - Commercial Website Design (QCF),2,"[""A*"", ""A""]"
National Vocational Qualification,Business Studies (QCF),2,"[""7"", ""A*""]"
A Level,Italian,2,"[""A*""]"
BTEC - National Vocational Qualification,Performing Arts,2,"[""8"", ""A""]"
BTEC - National Vocational Qualification,BTEC Communication Technology Skills (QCF),2,"[""Merit"", ""Pass""]"
A Level,Biology,2,"[""B""]"
BTEC - National Vocational Qualification,BTEC Practical Food Safety Catering (QCF),2,"[""Pass"", ""Distinction""]"
A Level,Psychology,2,"[""7"", ""A""]"
i GCSE,First language Thai ,2,"[""A"", ""9""]"
BTEC - National Vocational Qualification,BTEC Hospitality and Catering Principles (Hospitality Services) (QCF),2,"[""Merit"", ""Pass""]"
National Vocational Qualification,Children,2,"[""B"", ""A*""]"
AS Level,Critical Thinking,2,"[""B"", ""A""]"
BTEC - National Vocational Qualification,BTEC Hairdressing (QCF),2,"[""Pass"", ""Distinction""]"
BTEC - National Vocational Qualification,BTEC Disengagement and Non-restrictive Physical Intervention Skills (QCF),2,"[""Merit""]"
BTEC - National Vocational Qualification,BTEC Promoting Food Safety and Nutrition Health and Social Care or Early Years and Childcare Settings (QCF),2,"[""Distinction"", ""Merit""]"
GCSE,Welsh Literature,2,"[""A*"", ""6""]"
i GCSE,Malay ,2,"[""A*"", ""7""]"
i GCSE,Geography,2,"[""A"", ""A*""]"
i GCSE,French,2,"[""A*""]"
GCSE,PE,2,"[""5"", ""8""]"
GCSE,Citizenship,2,"[""9"", ""7""]"
GCSE,Core Science,2,"[""7"", ""B""]"
i GCSE,Religious Studies,2,"[""A*"", ""9""]"
i GCSE,Maths,2,"[""7""]"
GCSE,Design & Technology,2,"[""A*"", ""A""]"
GCSE,Science (Triple),2,"[""7"", ""6""]"
GCSE,Additional Maths,2,"[""7"", ""6""]"
AS Level,Persian,2,"[""A*""]"
GCSE,Japanese: Spoken Language ,2,"[""9"", ""A*""]"
AS Level,Creative Writing,2,"[""C"", ""D""]"
AS Level,English Language and Literature,2,"[""A""]"
National Vocational Qualification,"Business Management, Mathematics and Economics (QCF)",2,"[""B""]"
National Vocational Qualification,Commerce (Business Management) (QCF),2,"[""A""]"
BTEC - National Vocational Qualification,BTEC Money and Finance Skills (QCF),2,"[""Pass""]"
A Level,Japanese,2,"[""A*"", ""A""]"
A Level,Panjabi,2,"[""7"", ""A""]"
A Level,Economics,2,"[""B""]"
Specialist Music,Hospitality,2,"[""A""]"
National Vocational Qualification,Sports Leaders UK Community Sports Leadership (QCF),1,"[""A""]"
National Vocational Qualification,IT Application Skills (QCF),1,"[""A*""]"
National Vocational Qualification,IT User Skills (Extra) (ITQ) (QCF),1,"[""A*""]"
AS Level,Film Studies,1,"[""C""]"
AS Level,Dutch,1,"[""A""]"
National Vocational Qualification,English - Speaking and Listening (QCF),1,"[""5""]"
BTEC - National Vocational Qualification,BTEC Horticulture (QCF),1,"[""Distinction""]"
National Vocational Qualification, Economic Wellbeing and Financial Capability (QCF),1,"[""A""]"
National Vocational Qualification,Sport Skills for Further Learning and Employment (QCF),1,"[""7""]"
BTEC - National Vocational Qualification,Business Studies,1,"[""A*""]"
BTEC - National Vocational Qualification,Physical Education,1,"[""6""]"
BTEC - National Vocational Qualification,BTEC CCTV Operations (Public Space Surveillance) (QCF),1,"[""Pass""]"
National Vocational Qualification,Practical Food Safety for Catering (QCF),1,"[""4""]"
National Vocational Qualification, Food Industry Skills (QCF),1,"[""5""]"
National Vocational Qualification, Food and Drink Service,1,"[""7""]"
Specialist Music,Economics,1,"[""B""]"
Specialist Music,Graphics,1,"[""C""]"
Specialist Music,Science - Combined,1,"[""5""]"
Specialist Music,Mathematics - Use of Mathematics,1,"[""5""]"
Specialist Music,Mathematics - Statistics,1,"[""5""]"
Specialist Music,Mathematics - Methods in Mathematics,1,"[""5""]"
Specialist Music,Photography,1,"[""5""]"
National Vocational Qualification, Art and Design (QCF),1,"[""3""]"
National Vocational Qualification,Speech: Spoken English (Grade 8) (QCF),1,"[""A*""]"
AS Level,General Studies,1,"[""A*""]"
National Vocational Qualification,Supporting the Wider Curriculum Schools (QCF),1,"[""6""]"
National Vocational Qualification,Understanding Business Enterprise (QCF),1,"[""A""]"
National Vocational Qualification,Food Technology (QCF),1,"[""8""]"
National Vocational Qualification,Musical Theatre Performance - Grade 6 (QCF),1,"[""9""]"
A Level,Greek,1,"[""B""]"
Key Skills,English,1,"[""3""]"
Key Skills,Physical Education,1,"[""4""]"
Key Skills,English Language,1,"[""3""]"
Key Skills,Essential Skills - ICT (Pilot),1,"[""7""]"
National Vocational Qualification,Hospitality and Catering Principles (Professional Cookery - Food Preparation and Cooking) (QCF),1,"[""C""]"
BTEC - National Vocational Qualification,BTEC Hospitality Skills (QCF),1,"[""Pass""]"
National Vocational Qualification,Vocational Dance: Intermediate (QCF),1,"[""A*""]"
AS Level,Pure Mathematics,1,"[""U""]"
BTEC - National Vocational Qualification,BTEC Interactive Design and Development (QCF),1,"[""Pass""]"
National Vocational Qualification,Education Business Information Technology (QCF),1,"[""5""]"
i GCSE,Computing,1,"[""B""]"
i GCSE,Literature (Spanish) ,1,"[""7""]"
BTEC - National Vocational Qualification,BTEC Exercise and Fitness Instruction (QCF),1,"[""Merit""]"
AS Level,Art and Design,1,"[""B""]"
BTEC - National Vocational Qualification,BTEC HNC Health and Social Care (QCF),1,"[""Merit""]"
National Vocational Qualification, Business Administration (QCF),1,"[""5""]"
BTEC - National Vocational Qualification,BTEC Applied Law (QCF),1,"[""Merit""]"
BTEC - National Vocational Qualification,BTEC Skills and Activities for Sport and Active Leisure (Coaching and Performance Management) (QCF),1,"[""Merit""]"
GCSE,Mathematics (QCF),1,"[""6""]"
BTEC - National Vocational Qualification, Health and Social Care,1,"[""8""]"
A Level,Applied Art and Design,1,"[""5""]"
Key Skills, Improving Own Learning and Performance,1,"[""2""]"
GCSE,Irish,1,"[""A*""]"
BTEC - National Vocational Qualification,BTEC Food and Beverage Service Supervision (QCF),1,"[""Pass""]"
National Vocational Qualification, Land-based Technology (QCF),1,"[""1""]"
National Vocational Qualification,Personal Life Skills (QCF),1,"[""1""]"
National Vocational Qualification,Business Infrastructure (QCF),1,"[""6""]"
National Vocational Qualification, Travel and Tourism (QCF),1,"[""6""]"
i GCSE,Bangladesh studies ,1,"[""A""]"
National Vocational Qualification,Site Carpentry (Construction) (QCF),1,"[""4""]"
National Vocational Qualification,Preparing to Work with Children and Young People (QCF),1,"[""7""]"
BTEC - National Vocational Qualification,BTEC Environmental and Land-based Business (QCF),1,"[""Pass""]"
A Level,English Language and Literature,1,"[""B""]"
A Level,Government and Politics,1,"[""C""]"
BTEC - National Vocational Qualification,Motor Vehicle and Road User Studies,1,"[""A*""]"
AS Level,Economics B,1,"[""D""]"
BTEC - National Vocational Qualification,BTEC Music Management withthe Uniformed Public Services (QCF),1,"[""Distinction""]"
BTEC - National Vocational Qualification,BTEC Mechanical Engineering (QCF),1,"[""Distinction*""]"
A Level,Philosophy,1,"[""6""]"
National Vocational Qualification,Creative Techniques Creative Computing - Website Design (QCF),1,"[""A*""]"
BTEC - National Vocational Qualification,BTEC Information Security (QCF),1,"[""Pass""]"
BTEC - National Vocational Qualification,BTEC Production Arts (QCF),1,"[""Distinction""]"
BTEC - National Vocational Qualification,BTEC Peer Mentoring (QCF),1,"[""Pass""]"
National Vocational Qualification,Technical Performing Arts (QCF),1,"[""A""]"
National Vocational Qualification, IT User Skills Open Systems and Enterprise (ITQ) (QCF),1,"[""B""]"
GCSE,Welsh: First Language,1,"[""C""]"
National Vocational Qualification,for Children's Care Learning and Development (QCF),1,"[""C""]"
GCSE,BTEC Health and Social Care (QCF),1,"[""Merit""]"
Specialist Music,Bass guitar,1,"[""3""]"
National Vocational Qualification, Digital Marketing (QCF),1,"[""C""]"
AS Level,Russian,1,"[""A""]"
BTEC - National Vocational Qualification,"BTEC Science, Technology, Engineering and Maths Leadership Skills (QCF)",1,"[""Distinction""]"
BTEC - National Vocational Qualification,BTEC Hospitality and Catering Principles (Front of House Reception) (QCF),1,"[""Merit""]"
BTEC - National Vocational Qualification,BTEC Engineering (Specialist: Electrical/Mechanical) (QCF),1,"[""Pass""]"
National Vocational Qualification,Performing Arts (QCF),1,"[""7""]"
i GCSE,Development studies ,1,"[""5""]"
BTEC - National Vocational Qualification,BTEC 90-credit Enterprise and Entrepreneurship (QCF),1,"[""Distinction""]"
BTEC - National Vocational Qualification,BTEC Subsidiary Sport and Exercise Sciences (QCF),1,"[""Distinction""]"
BTEC - National Vocational Qualification,BTEC 90-credit Production Arts (QCF),1,"[""Distinction""]"
BTEC - National Vocational Qualification,BTEC Subsidiary Performing Arts (QCF),1,"[""Pass""]"
National Vocational Qualification,Dance: Grade 7 (QCF),1,"[""1""]"
National Vocational Qualification,English Skills (QCF),1,"[""4""]"
National Vocational Qualification,Maths: Working with Mathematical Skills (QCF),1,"[""4""]"
A Level,Dutch,1,"[""B""]"
National Vocational Qualification,Computing (QCF),1,"[""A""]"
BTEC - National Vocational Qualification,BTEC HNC Electronic Engineering (QCF),1,"[""Merit""]"
A Level,Business Studies,1,"[""B""]"
i GCSE,Art,1,"[""9""]"
i GCSE,History,1,"[""A""]"
GCSE,RE Philosophy and Ethics,1,"[""B""]"
GCSE,Textiles,1,"[""B""]"
GCSE,Triple Science,1,"[""9""]"
GCSE,ICT,1,"[""7""]"
GCSE,Ancient Greek,1,"[""6""]"
GCSE,Preparation for Working Life,1,"[""Level 2""]"
GCSE,Engineering,1,"[""B""]"
i GCSE,Business Studies,1,"[""A""]"
GCSE,Resistant Materials,1,"[""C""]"
GCSE,RS,1,"[""5""]"
GCSE,Further Maths,1,"[""A""]"
GCSE,Additional Science,1,"[""B""]"
GCSE,Design Technology,1,"[""B""]"
GCSE,Science (Core),1,"[""6""]"
National Vocational Qualification, Spanish,1,"[""4""]"
AS Level,Japanese,1,"[""C""]"
AS Level,Italian,1,"[""A""]"
National Vocational Qualification,ICT systems and principles for IT professionals (PROCOM - Technical) (QCF),1,"[""B""]"
AS Level,Mathematics (MEI),1,"[""A""]"
AS Level,Physics (Salters Horners),1,"[""A""]"
GCSE,Japanese: Written Language ,1,"[""A*""]"
National Vocational Qualification, Music Technology (QCF),1,"[""7""]"
i GCSE,First language Turkish ,1,"[""A*""]"
National Vocational Qualification,Acting (Grade 8) (QCF),1,"[""9""]"
BTEC - National Vocational Qualification,BTEC Learning Support (QCF),1,"[""Distinction*""]"
A Level,Drama and Theatre Studies,1,"[""4""]"
i GCSE,Travel and tourism ,1,"[""B""]"
A Level,Science,1,"[""A""]"
BTEC - National Vocational Qualification,BTEC Personal Training (QCF),1,"[""Pass""]"
BTEC - National Vocational Qualification,BTEC Principles of Business Administration (QCF),1,"[""Distinction""]"
International Baccalaureate Middle Years Programme, Hindi,1,"[""D""]"
AS Level,Accounting,1,"[""E""]"
National Vocational Qualification,Banking (QCF),1,"[""C""]"
National Vocational Qualification,Accounting,1,"[""D""]"
National Vocational Qualification,Handling Data - Statistics (QCF),1,"[""C""]"
National Vocational Qualification,Business Administration (QCF),1,"[""D""]"
National Vocational Qualification,"Mathematics - Numbers, Decimals, Fractions and Percentages (QCF)",1,"[""C""]"
National Vocational Qualification,English - Grammar and Punctuation (QCF),1,"[""A""]"
Specialist Music,Saxophone,1,"[""4""]"
GCSE,Chemistry ,1,"[""8""]"
AS Level,Geology,1,"[""A*""]"
AS Level,History,1,"[""A*""]"
AS Level,Statistics,1,"[""A*""]"
AS Level,Science,1,"[""A*""]"
AS Level,Sport and Physical Education,1,"[""A*""]"
AS Level,Environmental Studies,1,"[""A*""]"
BTEC - National Vocational Qualification,Construction and the Built Environment,1,"[""A""]"
National Vocational Qualification,Understanding Personal Finance (QCF),1,"[""6""]"
BTEC - National Vocational Qualification,BTEC Body Building Principles (QCF),1,"[""Pass""]"
National Vocational Qualification,Sports Leaders UK Sports Leadership (QCF),1,"[""C""]"
A Level,Design and Technology: Product Design (3-D Design),1,"[""5""]"
BTEC - National Vocational Qualification,Business,1,"[""6""]"
National Vocational Qualification, Smart Product Design and Manufacture (QCF),1,"[""A""]"
BTEC - National Vocational Qualification,BTEC the Delivery of Conflict Management Training (QCF),1,"[""Pass""]"
BTEC - National Vocational Qualification,BTEC Health and Safety the Workplace (QCF),1,"[""Distinction*""]"
National Vocational Qualification,"Advanced Exercise, Health and Fitness Instruction (Future Fit Training) (QCF)",1,"[""4""]"
A Level,Engineering,1,"[""B""]"
GCSE, Sports Studies (QCF),1,"[""6""]"
BTEC - National Vocational Qualification,BTEC Fundraising Practice (QCF),1,"[""Pass""]"
BTEC - National Vocational Qualification,BTEC Principles of Customer Service (QCF),1,"[""Merit""]"
National Vocational Qualification,Hospitality and Catering Principles (Food and Beverage Service) (QCF),1,"[""A""]"
A Level,Business,1,"[""B""]"
BTEC - National Vocational Qualification,BTEC Animal Care (QCF),1,"[""Merit""]"
National Vocational Qualification,Business Finance (QCF),1,"[""6""]"
A Level,History,1,"[""A""]"
Specialist Music,Dance,1,"[""4""]"
Specialist Music,Science - Combined:Trilogy,1,"[""6""]"
Specialist Music,Geology,1,"[""4""]"
Specialist Music,Technology and Design,1,"[""B""]"
Specialist Music,Health and Social Care ,1,"[""C""]"
Specialist Music,Applied Art and Design ,1,"[""6""]"
Specialist Music,Business Studies,1,"[""B""]"
BTEC - National Vocational Qualification,BTEC Fire and Rescue Services the Community (QCF),1,"[""Distinction""]"
BTEC - National Vocational Qualification,BTEC HNC Art and Design (QCF),1,"[""Merit""]"
BTEC - National Vocational Qualification,BTEC Fashion and Clothing (QCF),1,"[""Merit""]"
National Vocational Qualification,Financial Studies (QCF),1,"[""A*""]"
A Level,Media Studies,1,"[""C""]"
National Vocational Qualification,Accounting and Finance (QCF),1,"[""A""]"
National Vocational Qualification,Early Years Education and Childcare (Early Years Educator) (QCF),1,"[""B""]"
BTEC - National Vocational Qualification,BTEC Textile Design and Manufacture (QCF),1,"[""Pass""]"
